Timestamp,PackVoltage_V,SOC_pct,Current_A,Status,Cell1_V,Cell2_V,Cell3_V,Cell4_V,Cell5_V,Cell6_V,Cell7_V,Cell8_V,Cell9_V,Cell10_V,Cell11_V,Cell12_V,Cell13_V,Cell14_V,Cell15_V,Cell16_V,Cell17_V,Cell18_V,Cell19_V,Cell20_V,Bal1,Bal2,Bal3,Bal4,Bal5,Bal6,Bal7,Bal8,Bal9,Bal10,Bal11,Bal12,Bal13,Bal14,Bal15,Bal16,Bal17,Bal18,Bal19,Bal20,Temp1_C,Temp2_C,Temp3_C,Temp4_C,Temp5_C,Temp6_C,Temp7_C,Temp8_C,Temp9_C,Temp10_C
2026-05-04 09:00:00.000,80.423,85.0,-19.693,discharging,4.0244,4.0086,4.0126,4.012,4.0291,4.026,4.034,4.0081,4.0189,4.0032,4.01,4.0189,4.0033,4.0094,4.0221,4.02,4.0124,4.0219,4.0285,4.0035,0,0,0,0,1,0,1,0,0,0,0,0,0,0,0,0,0,0,1,0,26.33,26.26,25.08,24.51,26.74,25.1,24.15,24.24,26.74,25.87
2026-05-04 09:00:01.000,80.37,84.8,-19.943,discharging,4.0239,4.0051,4.0093,4.0065,4.0236,4.0215,4.0277,4.0079,4.0176,4.0024,4.0101,4.0172,4.0059,4.0084,4.0207,4.0174,4.0096,4.0189,4.0274,4.0052,0,0,0,0,0,0,1,0,0,0,0,0,0,0,0,0,0,0,1,0,26.42,26.02,25.26,24.52,26.75,24.87,24.17,24.39,26.7,25.82
2026-05-04 09:00:02.000,80.292,84.6,-20.436,discharging,4.0224,4.0012,4.0113,4.0091,4.0194,4.0218,4.0281,4.003,4.0115,4.0019,4.0045,4.015,4.0007,4.0089,4.022,4.0151,4.0068,4.016,4.027,4.0026,0,0,0,0,0,0,1,0,0,0,0,0,0,0,0,0,0,0,1,0,26.43,26.24,25.15,24.42,27.07,25.12,24.48,24.39,26.43,25.83
2026-05-04 09:00:03.000,80.299,84.4,-20.481,discharging,4.0193,4.0006,4.0049,4.0018,4.0222,4.0208,4.0221,4.0003,4.0079,4.0003,4.006,4.0108,3.9985,4.0041,4.0159,4.0163,4.0039,4.0138,4.0223,3.9994,0,0,0,0,1,1,1,0,0,0,0,0,0,0,0,0,0,0,1,0,26.44,26.15,25.35,24.67,26.98,25.15,24.26,24.32,26.61,25.98
2026-05-04 09:00:04.000,80.178,84.19,-20.27,discharging,4.0119,3.9969,4.002,4.0044,4.0195,4.013,4.0205,3.9989,4.0063,3.994,4.0045,4.0109,3.9959,4.003,4.0166,4.0097,3.9995,4.0126,4.0191,3.9953,0,0,0,0,1,0,1,0,0,0,0,0,0,0,0,0,0,0,1,0,26.69,26.34,25.39,24.49,27.01,25.13,24.6,24.37,26.6,25.97
2026-05-04 09:00:05.000,80.135,83.99,-20.078,discharging,4.0106,3.9962,4.0008,4.0017,4.0153,4.0105,4.0227,3.9975,4.0084,3.9963,4.0016,4.0061,3.9936,3.9972,4.0118,4.0065,3.9988,4.0135,4.0158,3.9948,0,0,0,0,1,0,1,0,0,0,0,0,0,0,0,0,0,0,1,0,26.63,26.28,25.43,24.89,27.12,25.32,24.37,24.43,26.95,26.06
2026-05-04 09:00:06.000,80.134,83.79,-19.958,discharging,4.007,3.9918,3.9988,3.9993,4.0105,4.0135,4.0148,3.9912,4.0038,3.9924,3.9955,4.0034,3.9936,3.995,4.0105,4.0075,3.9966,4.0087,4.0149,3.9933,0,0,0,0,0,1,1,0,0,0,0,0,0,0,0,0,0,0,1,0,26.57,26.44,25.18,24.69,27.2,25.2,24.47,24.66,26.64,26.06
2026-05-04 09:00:07.000,80.111,83.59,-19.502,discharging,4.0047,3.9872,3.995,3.9974,4.0125,4.0107,4.0141,3.9886,4.0028,3.9902,3.9954,4.0062,3.9898,3.9911,4.0095,4.0032,3.9957,4.0084,4.0102,3.986,0,0,0,0,1,1,1,0,0,0,0,0,0,0,0,0,0,0,1,0,26.57,26.41,25.23,24.82,27.26,25.19,24.64,24.5,26.84,26.28
2026-05-04 09:00:08.000,79.973,83.39,-19.654,discharging,4.0044,3.9851,3.991,3.994,4.0086,4.0046,4.0139,3.9886,3.9979,3.9836,3.9897,4.0032,3.9889,3.992,4.0072,4.0025,3.9902,4.0011,4.0088,3.9883,0,0,0,0,1,0,1,0,0,0,0,0,0,0,1,0,0,0,1,0,26.89,26.58,25.53,24.7,27.12,25.2,24.74,24.79,26.85,26.21
2026-05-04 09:00:09.000,80.009,83.19,-20.345,discharging,4.0047,3.9869,3.9934,3.9923,4.0025,4.005,4.0091,3.9885,3.9978,3.9864,3.9917,3.9971,3.9858,3.9869,4.005,4.0017,3.9882,4.0029,4.0073,3.9823,0,0,0,0,0,0,1,0,0,0,0,0,0,0,0,0,0,0,1,0,26.95,26.39,25.24,24.75,27.21,25.56,24.87,24.61,27.0,26.18
2026-05-04 09:00:10.000,79.921,82.99,-19.519,discharging,4.0027,3.9794,3.992,3.9857,4.0058,3.9998,4.0053,3.9831,3.995,3.9807,3.9881,3.9961,3.981,3.9873,3.9989,3.9984,3.9845,4.0011,4.0054,3.9824,1,0,0,0,1,0,1,0,0,0,0,0,0,0,0,0,0,0,1,0,26.95,26.59,25.4,24.73,27.37,25.38,24.64,24.86,27.06,26.16
2026-05-04 09:00:11.000,79.86,82.79,-20.191,discharging,3.9971,3.9781,3.9845,3.9847,4.0032,3.9998,4.0077,3.9818,3.99,3.9797,3.9821,3.9924,3.9789,3.985,3.9989,3.9946,3.9847,3.9945,4.0026,3.9811,0,0,0,0,1,0,1,0,0,0,0,0,0,0,0,0,0,0,1,0,27.03,26.45,25.35,24.97,27.42,25.44,24.9,24.88,27.1,26.19
2026-05-04 09:00:12.000,79.772,82.58,-20.301,discharging,3.9936,3.9766,3.9864,3.9801,3.9975,3.997,4.0009,3.9797,3.9886,3.9753,3.9835,3.9882,3.9783,3.9836,3.9931,3.9918,3.9806,3.9964,4.0004,3.9735,0,0,0,0,1,0,1,0,0,0,0,0,0,0,0,0,0,0,1,0,26.86,26.77,25.54,25.13,27.48,25.75,24.86,25.01,27.24,26.4
2026-05-04 09:00:13.000,79.772,82.38,-19.781,discharging,3.9947,3.9746,3.9842,3.9817,3.9955,3.9924,3.9988,3.977,3.9879,3.9746,3.9809,3.9874,3.9718,3.9783,3.9917,3.9888,3.9804,3.9891,3.9962,3.9749,0,0,0,0,1,0,1,0,0,0,0,0,0,0,0,0,0,0,1,0,27.07,26.49,25.55,25.06,27.41,25.46,24.82,25.02,27.15,26.46
2026-05-04 09:00:14.000,79.75,82.18,-19.643,discharging,3.9896,3.969,3.9786,3.9794,3.9954,3.9942,3.9975,3.9752,3.9841,3.9727,3.9761,3.9847,3.9716,3.9743,3.9897,3.9885,3.9772,3.9869,3.9953,3.9691,0,0,0,0,1,1,1,0,0,0,0,0,0,0,0,0,0,0,1,0,27.08,26.51,25.59,25.11,27.29,25.68,24.75,24.89,26.97,26.37
2026-05-04 09:00:15.000,79.658,81.98,-20.288,discharging,3.9895,3.9688,3.9786,3.9775,3.9894,3.9866,3.9927,3.9716,3.9845,3.9688,3.9763,3.9856,3.9705,3.9763,3.991,3.9833,3.9725,3.9844,3.9908,3.97,0,0,0,0,0,0,1,0,0,0,0,0,0,0,1,0,0,0,1,0,27.12,26.65,25.78,25.25,27.41,25.73,25.06,24.81,27.34,26.67
2026-05-04 09:00:16.000,79.58,81.78,-20.392,discharging,3.9844,3.9682,3.9774,3.9724,3.9898,3.9841,3.9943,3.9697,3.9767,3.9689,3.9751,3.9822,3.9649,3.9753,3.9876,3.9817,3.9725,3.9833,3.9907,3.9656,0,0,0,0,1,0,1,0,0,0,0,0,0,0,0,0,0,0,1,0,27.28,26.94,25.59,25.38,27.65,25.87,25.09,24.99,27.36,26.72
2026-05-04 09:00:17.000,79.61,81.58,-20.23,discharging,3.9834,3.9647,3.9719,3.972,3.9847,3.9864,3.9927,3.9641,3.9789,3.9633,3.9703,3.9798,3.964,3.9671,3.9856,3.9784,3.9688,3.9834,3.9873,3.9664,0,0,0,0,0,1,1,0,0,0,0,0,0,0,0,0,0,0,1,0,27.26,26.76,25.59,25.41,27.47,25.86,25.04,25.16,27.38,26.63
2026-05-04 09:00:18.000,79.56,81.38,-20.009,discharging,3.9783,3.9607,3.971,3.9671,3.9841,3.9817,3.9885,3.9637,3.9757,3.9614,3.9694,3.9754,3.9609,3.9653,3.9792,3.9756,3.9684,3.9808,3.984,3.9601,0,0,0,0,1,0,1,0,0,0,0,0,0,0,0,0,0,0,1,0,27.21,26.98,26.01,25.28,27.58,25.65,24.96,24.98,27.21,26.42
2026-05-04 09:00:19.000,79.458,81.17,-19.966,discharging,3.9811,3.9602,3.9685,3.9635,3.9834,3.9793,3.9881,3.9621,3.9716,3.9596,3.9637,3.9715,3.9625,3.9649,3.9805,3.9747,3.9631,3.9775,3.9807,3.9571,1,0,0,0,1,0,1,0,0,0,0,0,0,0,0,0,0,0,1,0,27.29,26.85,26.06,25.16,27.82,25.9,25.24,25.02,27.39,26.63
2026-05-04 09:00:20.000,79.469,80.97,-20.057,discharging,3.9788,3.9563,3.9657,3.964,3.9802,3.9796,3.9817,3.9575,3.9703,3.9555,3.9613,3.9693,3.9545,3.9623,3.9767,3.9717,3.9616,3.9756,3.9822,3.9566,1,0,0,0,1,1,1,0,0,0,0,0,0,0,0,0,0,0,1,0,27.39,27.15,26.03,25.41,27.83,26.07,25.14,25.2,27.49,26.86
2026-05-04 09:00:21.000,79.342,80.77,-19.673,discharging,3.9714,3.9539,3.964,3.9614,3.9751,3.9723,3.9822,3.958,3.9696,3.9551,3.9608,3.9669,3.9523,3.9598,3.9727,3.969,3.9584,3.9747,3.9806,3.9549,0,0,0,0,0,0,1,0,0,0,0,0,0,0,0,0,0,0,1,0,27.52,27.21,26.01,25.3,27.6,26.03,25.19,25.27,27.62,26.6
2026-05-04 09:00:22.000,79.35,80.57,-19.915,discharging,3.971,3.9502,3.9592,3.9575,3.975,3.9743,3.9776,3.9556,3.9633,3.9554,3.9603,3.9673,3.9524,3.9567,3.9703,3.971,3.9579,3.9696,3.9791,3.953,0,0,0,0,1,1,1,0,0,0,0,0,0,0,0,0,0,0,1,0,27.41,27.03,25.87,25.39,27.95,26.03,25.36,25.15,27.53,26.95
2026-05-04 09:00:23.000,79.309,80.37,-20.062,discharging,3.9664,3.9531,3.9584,3.9546,3.9695,3.97,3.9766,3.9496,3.9651,3.9528,3.9558,3.9623,3.9522,3.9554,3.9702,3.9658,3.9547,3.9691,3.9766,3.9481,0,0,0,0,0,0,1,0,0,0,0,0,0,0,0,0,0,0,1,0,27.47,27.07,26.21,25.5,28.05,26.18,25.22,25.43,27.53,27.01
2026-05-04 09:00:24.000,79.273,80.17,-19.992,discharging,3.9649,3.9466,3.9559,3.9567,3.9691,3.9652,3.9741,3.9487,3.9601,3.9482,3.9534,3.9612,3.946,3.9542,3.967,3.9617,3.9553,3.962,3.9728,3.9485,0,0,0,0,1,0,1,0,0,0,0,0,0,0,0,0,0,0,1,0,27.61,27.11,26.15,25.66,28.13,26.07,25.16,25.36,27.64,27.02
2026-05-04 09:00:25.000,79.187,79.97,-19.626,discharging,3.964,3.9452,3.9543,3.9508,3.9677,3.9629,3.9713,3.9501,3.9564,3.9467,3.9521,3.962,3.9476,3.9528,3.9634,3.9598,3.9526,3.9639,3.9712,3.9421,0,0,0,0,1,0,1,0,0,0,0,0,0,0,0,0,0,0,1,0,27.34,27.23,26.28,25.76,28.06,26.07,25.21,25.43,27.78,26.88
2026-05-04 09:00:26.000,79.185,79.77,-19.806,discharging,3.9587,3.9448,3.9493,3.9482,3.9622,3.9627,3.9694,3.9466,3.953,3.9406,3.9511,3.9582,3.9415,3.9507,3.9596,3.9583,3.9474,3.9585,3.9636,3.9443,0,0,0,0,0,0,1,0,0,0,0,0,0,0,0,0,0,0,1,0,27.72,27.31,26.03,25.59,27.95,26.19,25.48,25.4,27.58,27.09
2026-05-04 09:00:27.000,79.083,79.56,-20.301,discharging,3.9588,3.9389,3.9485,3.9469,3.9648,3.9588,3.9694,3.9433,3.9511,3.941,3.9474,3.9564,3.9378,3.9464,3.9592,3.9584,3.945,3.9592,3.9647,3.939,0,0,0,0,1,0,1,0,0,0,0,0,0,0,0,0,0,0,1,0,27.69,27.36,26.31,25.78,28.15,26.36,25.55,25.67,27.82,26.95
2026-05-04 09:00:28.000,79.054,79.36,-20.059,discharging,3.9579,3.9357,3.9444,3.9455,3.9575,3.9554,3.9644,3.9427,3.9502,3.9407,3.9459,3.9511,3.9401,3.9432,3.9587,3.9551,3.943,3.9527,3.9644,3.9354,0,0,0,0,0,0,1,0,0,0,0,0,0,0,0,0,0,0,1,0,27.85,27.48,26.36,25.91,28.31,26.38,25.47,25.65,27.59,27.07
2026-05-04 09:00:29.000,79.016,79.16,-20.045,discharging,3.9552,3.9362,3.9452,3.9443,3.9547,3.9536,3.9589,3.9398,3.948,3.9383,3.9398,3.9475,3.9377,3.9434,3.9532,3.9507,3.9394,3.9553,3.958,3.9351,0,0,0,0,0,0,1,0,0,0,0,0,0,0,0,0,0,0,1,0,27.55,27.54,26.17,25.74,28.23,26.4,25.75,25.55,27.93,26.96
2026-05-04 09:00:30.000,78.91,78.96,-20.085,discharging,3.9517,3.9328,3.9435,3.9364,3.9538,3.9525,3.962,3.9373,3.9428,3.9345,3.9394,3.9506,3.9325,3.9379,3.9502,3.9466,3.9412,3.9499,3.9578,3.9336,0,0,0,0,0,0,1,0,0,0,0,0,0,0,0,0,0,0,1,0,27.8,27.24,26.47,25.71,28.06,26.37,25.45,25.74,27.76,27.04
2026-05-04 09:00:31.000,78.885,78.76,-19.63,discharging,3.9472,3.9333,3.9354,3.939,3.9501,3.9482,3.9554,3.9308,3.9438,3.9282,3.9338,3.9471,3.9293,3.9351,3.9477,3.9437,3.9382,3.948,3.9559,3.9302,0,0,0,0,0,0,1,0,0,0,0,0,0,0,0,0,0,0,1,0,27.88,27.45,26.22,25.82,28.4,26.18,25.75,25.79,27.9,27.15
2026-05-04 09:00:32.000,78.81,78.56,-19.536,discharging,3.9468,3.9279,3.9371,3.9344,3.9523,3.9455,3.952,3.931,3.9378,3.9273,3.9351,3.9432,3.9275,3.9367,3.9474,3.9437,3.935,3.943,3.9532,3.93,0,0,0,0,1,0,1,0,0,0,0,0,0,0,0,0,0,0,1,0,27.87,27.59,26.5,25.75,28.24,26.29,25.6,25.66,27.9,27.04
2026-05-04 09:00:33.000,78.823,78.36,-20.073,discharging,3.9438,3.924,3.9362,3.9294,3.9494,3.9432,3.9497,3.9294,3.9399,3.9266,3.9324,3.9409,3.9251,3.9291,3.9439,3.9426,3.9334,3.9452,3.9509,3.9283,0,0,0,0,1,0,1,0,0,0,0,0,0,0,0,0,0,0,1,0,27.93,27.5,26.52,25.83,28.4,26.37,25.6,25.9,27.96,27.39
2026-05-04 09:00:34.000,78.787,78.15,-19.926,discharging,3.9441,3.9264,3.933,3.9302,3.9458,3.9403,3.9522,3.9274,3.9341,3.9218,3.9306,3.9369,3.9226,3.9258,3.9445,3.9395,3.9288,3.9384,3.9479,3.9202,0,0,0,0,1,0,1,0,0,0,0,0,0,0,0,0,0,0,1,0,28.02,27.48,26.49,25.91,28.32,26.6,25.9,25.82,27.88,27.14
2026-05-04 09:00:35.000,78.72,77.95,-20.343,discharging,3.9406,3.9198,3.9297,3.927,3.9422,3.9393,3.9487,3.9207,3.9327,3.92,3.9281,3.9355,3.9222,3.9237,3.9393,3.9373,3.924,3.9369,3.943,3.9184,0,0,0,0,1,0,1,0,0,0,0,0,0,0,0,0,0,0,1,0,27.9,27.6,26.41,26.15,28.32,26.54,25.94,25.87,28.26,27.51
2026-05-04 09:00:36.000,78.696,77.75,-20.428,discharging,3.9345,3.9159,3.9288,3.9269,3.9406,3.9387,3.9461,3.9201,3.9284,3.916,3.9235,3.935,3.9195,3.926,3.94,3.9318,3.9267,3.9342,3.9428,3.9183,0,0,0,0,1,0,1,0,0,0,0,0,0,0,1,0,0,0,1,0,28.01,27.65,26.59,26.04,28.37,26.65,25.76,25.93,28.34,27.38
2026-05-04 09:00:37.000,78.644,77.55,-19.773,discharging,3.9367,3.9148,3.9218,3.9205,3.9383,3.9375,3.9433,3.9163,3.9299,3.9165,3.9237,3.9324,3.9161,3.9241,3.9355,3.9327,3.9229,3.9355,3.9407,3.9137,0,0,0,0,1,0,1,0,0,0,0,0,0,0,0,0,0,0,1,0,27.87,27.69,26.57,26.01,28.32,26.64,25.83,25.9,27.99,27.57
2026-05-04 09:00:38.000,78.6,77.35,-20.423,discharging,3.9345,3.9147,3.9215,3.9197,3.9356,3.9353,3.9424,3.9155,3.9278,3.915,3.9187,3.9283,3.9119,3.9166,3.9303,3.9319,3.9189,3.9322,3.9375,3.9114,0,0,0,0,1,1,1,0,0,0,0,0,0,0,0,0,0,0,1,0,28.04,27.79,26.72,26.2,28.46,26.68,25.92,25.98,28.2,27.57
2026-05-04 09:00:39.000,78.531,77.15,-19.711,discharging,3.9274,3.9092,3.9202,3.9162,3.9342,3.932,3.94,3.9156,3.9225,3.9122,3.9152,3.9251,3.9144,3.918,3.9297,3.9277,3.92,3.9274,3.9344,3.9127,0,0,0,0,1,0,1,0,0,0,0,0,0,0,0,0,0,0,1,0,28.25,27.87,26.86,26.27,28.65,26.73,26.05,25.97,28.19,27.46
2026-05-04 09:00:40.000,78.439,76.95,-20.32,discharging,3.9303,3.9091,3.9151,3.9129,3.928,3.9308,3.9328,3.9126,3.9231,3.9116,3.9122,3.9226,3.9108,3.9122,3.9272,3.9227,3.917,3.9277,3.9346,3.9066,1,0,0,0,0,1,1,0,0,0,0,0,0,0,0,0,0,0,1,0,28.2,27.86,26.9,26.17,28.65,26.73,26.19,26.08,28.36,27.54
2026-05-04 09:00:41.000,78.415,76.74,-19.691,discharging,3.9271,3.9059,3.9169,3.9155,3.9278,3.9249,3.932,3.9086,3.9214,3.9087,3.9143,3.9189,3.9052,3.9127,3.9276,3.9225,3.9101,3.9257,3.9323,3.9048,0,0,0,0,0,0,1,0,0,0,0,0,0,0,0,0,0,0,1,0,28.32,27.79,26.98,26.12,28.64,26.98,25.96,26.06,28.27,27.41
2026-05-04 09:00:42.000,78.37,76.54,-20.447,discharging,3.9211,3.9072,3.911,3.9073,3.9282,3.9258,3.9312,3.9078,3.914,3.9031,3.9121,3.9199,3.9021,3.9107,3.9227,3.9168,3.9076,3.9197,3.9298,3.904,0,0,0,0,1,1,1,0,0,0,0,0,0,0,0,0,0,0,1,0,28.42,28.01,26.77,26.29,28.7,26.74,26.16,26.32,28.43,27.56
2026-05-04 09:00:43.000,78.331,76.34,-19.595,discharging,3.9174,3.902,3.9078,3.9056,3.9228,3.9221,3.9263,3.9032,3.9148,3.8995,3.9105,3.9137,3.902,3.9071,3.9235,3.9177,3.907,3.9186,3.9262,3.9042,0,0,0,0,1,0,1,0,0,0,0,0,0,0,1,0,0,0,1,0,28.19,27.77,27.01,26.28,28.84,26.93,26.26,26.26,28.35,27.5
2026-05-04 09:00:44.000,78.305,76.14,-19.954,discharging,3.9159,3.9012,3.9068,3.9066,3.9216,3.9208,3.9229,3.9029,3.9111,3.8983,3.9025,3.9121,3.8967,3.9073,3.9183,3.9179,3.9055,3.9149,3.9245,3.897,0,0,0,0,1,1,1,0,0,0,0,0,0,0,0,0,0,0,1,0,28.31,28.15,27.12,26.35,28.67,26.91,26.39,26.34,28.65,27.72
2026-05-04 09:00:45.000,78.225,75.94,-19.526,discharging,3.9155,3.8996,3.9047,3.9048,3.9197,3.9141,3.9237,3.9008,3.9093,3.8961,3.9004,3.9124,3.8959,3.9029,3.9153,3.9137,3.902,3.9112,3.9228,3.8956,0,0,0,0,1,0,1,0,0,0,0,0,0,0,0,0,0,0,1,0,28.57,27.95,27.16,26.6,28.65,27.02,26.18,26.36,28.56,27.94
2026-05-04 09:00:46.000,78.188,75.74,-20.357,discharging,3.9148,3.8919,3.8996,3.9023,3.9152,3.9135,3.9211,3.8971,3.9077,3.8975,3.8997,3.9107,3.8951,3.9001,3.9128,3.9111,3.899,3.9093,3.9196,3.8941,0,0,0,0,0,0,1,0,0,0,0,0,0,0,0,0,0,0,1,0,28.46,28.2,27.01,26.46,28.93,27.29,26.28,26.54,28.62,27.74
2026-05-04 09:00:47.000,78.125,75.54,-19.647,discharging,3.9131,3.892,3.8973,3.8993,3.9157,3.9107,3.9174,3.8915,3.9044,3.8947,3.9002,3.908,3.8948,3.8983,3.9127,3.9078,3.8958,3.9074,3.9136,3.8934,0,0,0,0,1,0,1,0,0,0,0,0,0,0,0,0,0,0,1,0,28.28,28.16,27.02,26.64,28.94,27.11,26.17,26.27,28.79,27.95
2026-05-04 09:00:48.000,78.109,75.34,-19.974,discharging,3.9102,3.8873,3.9002,3.8966,3.9109,3.9105,3.9149,3.8939,3.9035,3.8908,3.8938,3.9071,3.8895,3.8975,3.9059,3.9031,3.8936,3.9048,3.9123,3.8905,0,0,0,0,1,0,1,0,0,0,0,0,0,0,0,0,0,0,1,0,28.49,28.4,27.31,26.74,28.9,27.19,26.43,26.27,28.59,27.95
2026-05-04 09:00:49.000,77.998,75.13,-19.997,discharging,3.9084,3.8853,3.8958,3.8946,3.9093,3.9089,3.9137,3.8911,3.8964,3.8847,3.894,3.9022,3.8883,3.8942,3.9056,3.9037,3.8931,3.905,3.9096,3.8895,0,0,0,0,1,1,1,0,0,0,0,0,0,0,0,0,0,0,1,0,28.59,28.39,27.27,26.57,28.88,27.01,26.43,26.46,28.6,28.03
2026-05-04 09:00:50.000,78.005,74.93,-20.187,discharging,3.9048,3.8871,3.8953,3.8886,3.9055,3.9048,3.9099,3.8866,3.8955,3.8835,3.8883,3.8981,3.8843,3.8909,3.9021,3.9027,3.8887,3.9008,3.9089,3.8832,0,0,0,0,1,0,1,0,0,0,0,0,0,0,0,0,0,0,1,0,28.77,28.33,27.27,26.71,29.04,27.06,26.7,26.54,28.97,27.94
2026-05-04 09:00:51.000,77.89,74.73,-20.147,discharging,3.9009,3.8849,3.891,3.8883,3.9041,3.9041,3.9081,3.8867,3.8958,3.8842,3.8876,3.8964,3.883,3.8859,3.9016,3.8955,3.8884,3.901,3.9047,3.8849,0,0,0,0,1,1,1,0,0,0,0,0,0,0,0,0,0,0,1,0,28.78,28.22,27.49,26.71,29.27,27.23,26.74,26.68,28.7,28.1
2026-05-04 09:00:52.000,77.842,74.53,-20.0,discharging,3.8964,3.8792,3.8875,3.8858,3.9021,3.8998,3.9051,3.8826,3.89,3.8832,3.8874,3.8934,3.8792,3.8873,3.8991,3.8969,3.8848,3.899,3.9029,3.8806,0,0,0,0,1,0,1,0,0,0,0,0,0,0,0,0,0,0,1,0,28.92,28.43,27.45,26.87,29.26,27.13,26.58,26.79,28.96,28.23
2026-05-04 09:00:53.000,77.861,74.33,-19.922,discharging,3.8967,3.8758,3.886,3.8844,3.9011,3.8951,3.9048,3.8767,3.8923,3.8755,3.8807,3.891,3.8757,3.8841,3.8959,3.8949,3.8861,3.8969,3.9027,3.8745,0,0,0,0,1,0,1,0,0,0,0,0,0,0,0,0,0,0,1,0,28.62,28.32,27.3,26.88,29.23,27.28,26.5,26.8,28.82,28.1
2026-05-04 09:00:54.000,77.813,74.13,-19.728,discharging,3.8946,3.8765,3.8835,3.8794,3.8951,3.8952,3.8997,3.88,3.886,3.8742,3.8794,3.891,3.8743,3.8797,3.8967,3.8926,3.8798,3.89,3.8999,3.874,0,0,0,0,0,0,1,0,0,0,0,0,0,0,1,0,0,0,1,0,28.98,28.58,27.57,26.96,29.15,27.29,26.73,26.6,28.88,28.08
2026-05-04 09:00:55.000,77.713,73.93,-20.021,discharging,3.8916,3.8756,3.8816,3.8767,3.895,3.893,3.8974,3.8758,3.885,3.8739,3.8761,3.8868,3.8743,3.8758,3.8933,3.8855,3.8791,3.8924,3.8959,3.875,0,0,0,0,1,0,1,0,0,0,0,0,0,0,0,0,0,0,1,0,29.02,28.53,27.35,27.1,29.25,27.52,26.89,26.57,29.02,28.27
2026-05-04 09:00:56.000,77.736,73.72,-19.777,discharging,3.8913,3.8685,3.8802,3.8744,3.8943,3.8929,3.8958,3.8722,3.885,3.8733,3.8788,3.8871,3.8675,3.876,3.8868,3.8888,3.8749,3.8903,3.8942,3.8698,0,0,0,0,1,1,1,0,0,0,0,0,0,0,0,0,0,0,1,0,29.06,28.69,27.47,26.81,29.18,27.34,26.72,26.65,28.88,28.37
2026-05-04 09:00:57.000,77.652,73.52,-19.709,discharging,3.888,3.8661,3.8777,3.8763,3.8913,3.8876,3.8916,3.8709,3.878,3.866,3.8728,3.8809,3.8666,3.8717,3.8883,3.8863,3.8727,3.8863,3.8886,3.8684,0,0,0,0,1,0,1,0,0,0,0,0,0,0,0,0,0,0,0,0,28.99,28.41,27.36,26.89,29.33,27.51,26.93,26.87,28.96,28.15
2026-05-04 09:00:58.000,77.576,73.32,-19.584,discharging,3.8847,3.864,3.8709,3.8695,3.8884,3.8858,3.8911,3.8677,3.8774,3.866,3.8724,3.8784,3.8641,3.8724,3.8866,3.8786,3.8711,3.8838,3.8866,3.8654,0,0,0,0,1,0,1,0,0,0,0,0,0,0,1,0,0,0,1,0,28.77,28.63,27.55,27.02,29.25,27.47,26.81,26.66,28.95,28.37
2026-05-04 09:00:59.000,77.55,73.12,-20.409,discharging,3.8835,3.863,3.8708,3.8689,3.8819,3.8825,3.8911,3.8664,3.8745,3.8652,3.8705,3.8781,3.8605,3.8675,3.8793,3.8817,3.8716,3.8776,3.8893,3.8598,0,0,0,0,0,0,1,0,0,0,0,0,0,0,0,0,0,0,1,0,29.06,28.87,27.8,27.34,29.6,27.65,27.15,26.92,29.36,28.65
2026-05-04 09:01:00.000,77.519,72.92,-20.124,discharging,3.8802,3.8611,3.8693,3.8658,3.8802,3.8806,3.887,3.864,3.8711,3.858,3.8638,3.874,3.8619,3.8663,3.8797,3.8783,3.8651,3.8768,3.883,3.8629,0,0,0,0,0,0,1,0,0,0,0,0,0,0,0,0,0,0,1,0,29.19,28.62,27.83,27.12,29.66,27.85,26.77,26.86,29.06,28.31
2026-05-04 09:01:01.000,77.473,72.72,-19.902,discharging,3.8741,3.8599,3.8654,3.8627,3.878,3.8801,3.8818,3.8603,3.8691,3.8604,3.8656,3.8718,3.859,3.8647,3.8761,3.8728,3.8621,3.8763,3.8803,3.8566,0,0,0,0,0,1,1,0,0,0,0,0,0,0,0,0,0,0,1,0,28.94,28.97,27.87,27.33,29.62,27.68,26.98,27.18,29.41,28.58
2026-05-04 09:01:02.000,77.387,72.52,-19.714,discharging,3.8739,3.8539,3.8628,3.8635,3.8772,3.8776,3.8808,3.8591,3.8698,3.8586,3.8622,3.8732,3.8564,3.859,3.8732,3.8698,3.8627,3.8755,3.8816,3.853,0,0,0,0,1,1,1,0,0,0,0,0,0,0,0,0,0,0,1,0,29.23,28.68,27.64,27.26,29.63,27.88,26.87,27.11,29.35,28.55
2026-05-04 09:01:03.000,77.394,72.32,-20.021,discharging,3.871,3.8564,3.8582,3.8622,3.8777,3.8708,3.8826,3.8553,3.864,3.8544,3.8577,3.8705,3.854,3.8605,3.8716,3.8693,3.8586,3.8691,3.8772,3.853,0,0,0,0,1,0,1,0,0,0,0,0,0,0,0,0,0,0,1,0,29.06,29.09,27.81,27.41,29.84,27.76,27.05,27.12,29.23,28.47
2026-05-04 09:01:04.000,77.35,72.11,-20.239,discharging,3.87,3.8506,3.8565,3.856,3.8717,3.8726,3.8771,3.8538,3.8641,3.8498,3.8588,3.8683,3.852,3.8563,3.8678,3.8684,3.8549,3.8693,3.8745,3.853,0,0,0,0,0,1,1,0,0,0,0,0,0,0,0,0,0,0,1,0,29.32,29.03,27.72,27.16,29.89,28.07,27.23,27.27,29.38,28.83
2026-05-04 09:01:05.000,77.279,71.91,-20.269,discharging,3.8642,3.8488,3.8555,3.8553,3.871,3.8689,3.8746,3.8504,3.8577,3.8491,3.8516,3.8633,3.8474,3.8568,3.8645,3.8661,3.8556,3.8675,3.8747,3.8458,0,0,0,0,1,0,1,0,0,0,0,0,0,0,0,0,0,0,1,0,29.19,28.88,27.82,27.41,29.92,27.84,27.17,27.17,29.43,28.76
2026-05-04 09:01:06.000,77.183,71.71,-19.51,discharging,3.8658,3.8484,3.8547,3.8544,3.8692,3.8634,3.8716,3.8484,3.8556,3.8435,3.8501,3.8607,3.8459,3.8532,3.8654,3.864,3.8497,3.8634,3.8671,3.844,0,0,0,0,1,0,1,0,0,0,0,0,0,0,0,0,0,0,1,0,29.43,29.11,27.87,27.15,29.56,28.04,27.3,27.18,29.21,28.84
2026-05-04 09:01:07.000,77.209,71.51,-20.186,discharging,3.8628,3.8454,3.8527,3.8492,3.8627,3.8614,3.8684,3.8477,3.8552,3.8464,3.8487,3.8599,3.8418,3.8521,3.864,3.8594,3.8526,3.8581,3.867,3.8454,0,0,0,0,0,0,1,0,0,0,0,0,0,0,0,0,0,0,1,0,29.36,29.2,28.21,27.43,29.98,27.83,27.19,27.49,29.54,28.76
2026-05-04 09:01:08.000,77.108,71.31,-19.559,discharging,3.861,3.8425,3.8465,3.8481,3.8646,3.8623,3.865,3.8412,3.8547,3.8424,3.8488,3.8548,3.8392,3.8438,3.8591,3.8562,3.8459,3.8562,3.8631,3.8406,0,0,0,0,1,1,1,0,0,0,0,0,0,0,0,0,0,0,1,0,29.4,29.01,27.79,27.37,29.66,28.0,27.17,27.2,29.41,28.72
2026-05-04 09:01:09.000,77.107,71.11,-20.415,discharging,3.86,3.842,3.8471,3.843,3.8597,3.8565,3.8639,3.8409,3.8484,3.8388,3.8444,3.8534,3.8366,3.8428,3.8563,3.8554,3.8455,3.8542,3.8603,3.8373,1,0,0,0,1,0,1,0,0,0,0,0,0,0,0,0,0,0,1,0,29.73,29.15,28.2,27.72,29.93,28.07,27.54,27.56,29.86,28.79
2026-05-04 09:01:10.000,77.063,70.91,-20.179,discharging,3.8533,3.8356,3.847,3.8454,3.8568,3.8574,3.8627,3.839,3.8471,3.8361,3.8444,3.8505,3.8344,3.8423,3.856,3.8525,3.8436,3.8539,3.8629,3.8359,0,0,0,0,0,0,1,0,0,0,0,0,0,0,0,0,0,0,1,0,29.64,29.2,28.08,27.69,30.14,28.27,27.38,27.43,29.73,28.85
2026-05-04 09:01:11.000,76.99,70.7,-19.841,discharging,3.8543,3.8316,3.8446,3.84,3.8549,3.8537,3.8627,3.8372,3.8464,3.836,3.8392,3.851,3.8344,3.8402,3.8504,3.8513,3.8409,3.8502,3.8586,3.8309,0,0,0,0,0,0,1,0,0,0,0,0,0,0,0,0,0,0,1,0,29.74,29.29,28.11,27.7,30.19,28.11,27.21,27.32,29.67,28.95
2026-05-04 09:01:12.000,76.928,70.5,-19.919,discharging,3.8499,3.8311,3.8409,3.8382,3.8531,3.8504,3.8549,3.8312,3.8432,3.8347,3.8353,3.8488,3.8297,3.8359,3.8502,3.8455,3.8375,3.8486,3.8549,3.8324,0,0,0,0,1,0,1,0,0,0,0,0,0,0,0,0,0,0,1,0,29.53,29.2,28.33,27.5,30.2,28.26,27.54,27.34,29.92,28.89
2026-05-04 09:01:13.000,76.838,70.3,-20.326,discharging,3.8482,3.8322,3.8353,3.8347,3.8488,3.8497,3.855,3.8284,3.842,3.8277,3.8358,3.8431,3.8306,3.8328,3.8496,3.8468,3.8326,3.8439,3.8551,3.8269,0,0,0,0,0,0,1,0,0,0,0,0,0,0,0,0,0,0,1,0,29.65,29.37,28.22,27.91,30.18,28.36,27.62,27.63,29.87,29.05
2026-05-04 09:01:14.000,76.836,70.1,-19.654,discharging,3.8473,3.8282,3.8333,3.8336,3.8458,3.8443,3.8507,3.8276,3.837,3.8283,3.8329,3.8409,3.8248,3.8315,3.8438,3.8433,3.834,3.8448,3.8535,3.8267,0,0,0,0,0,0,1,0,0,0,0,0,0,0,0,0,0,0,1,0,29.65,29.18,28.18,27.68,29.92,28.19,27.32,27.38,29.9,29.23
2026-05-04 09:01:15.000,76.775,69.9,-19.995,discharging,3.8441,3.8241,3.8341,3.8304,3.8434,3.8413,3.8522,3.8252,3.8351,3.8249,3.8284,3.8387,3.8261,3.8314,3.8436,3.8378,3.8281,3.8432,3.85,3.8232,0,0,0,0,0,0,1,0,0,0,0,0,0,0,0,0,0,0,1,0,29.88,29.24,28.44,27.82,30.4,28.18,27.74,27.72,29.79,29.34
2026-05-04 09:01:16.000,76.713,69.7,-20.05,discharging,3.8425,3.8218,3.8327,3.8298,3.8419,3.8436,3.8487,3.8231,3.8354,3.8231,3.826,3.8344,3.8204,3.8256,3.8383,3.8368,3.8267,3.8393,3.8446,3.8228,0,0,0,0,0,1,1,0,0,0,0,0,0,0,0,0,0,0,1,0,29.72,29.38,28.55,28.05,30.33,28.23,27.85,27.79,30.09,29.39
2026-05-04 09:01:17.000,76.643,69.5,-19.633,discharging,3.8404,3.8183,3.8286,3.8277,3.8427,3.8404,3.8457,3.8221,3.8303,3.8194,3.8253,3.835,3.8221,3.8226,3.8386,3.834,3.8282,3.8359,3.846,3.8182,0,0,0,0,1,0,1,0,0,0,0,0,0,0,0,0,0,0,1,0,29.58,29.56,28.47,27.92,30.21,28.44,27.58,27.47,29.91,29.06
2026-05-04 09:01:18.000,76.603,69.3,-20.07,discharging,3.8344,3.8194,3.8239,3.8238,3.8391,3.8368,3.8425,3.8203,3.8266,3.8151,3.8249,3.8316,3.8151,3.8247,3.8357,3.8299,3.8259,3.8325,3.842,3.8146,0,0,0,0,1,0,1,0,0,0,0,0,0,0,0,0,0,0,1,0,29.96,29.43,28.67,27.86,30.41,28.39,27.71,27.93,29.89,29.25
2026-05-04 09:01:19.000,76.602,69.09,-20.194,discharging,3.8317,3.8158,3.8236,3.8178,3.836,3.8322,3.8392,3.8178,3.8238,3.8162,3.8226,3.8322,3.8144,3.8179,3.831,3.8297,3.8221,3.8294,3.8373,3.8166,0,0,0,0,1,0,1,0,0,0,0,0,0,0,0,0,0,0,1,0,29.82,29.74,28.67,27.87,30.61,28.41,27.84,27.64,30.15,29.33
2026-05-04 09:01:20.000,76.546,68.89,-19.778,discharging,3.8288,3.812,3.8211,3.8205,3.8313,3.8296,3.84,3.8148,3.8237,3.8154,3.8172,3.8247,3.8111,3.8152,3.8315,3.8286,3.8189,3.8311,3.8371,3.814,0,0,0,0,0,0,1,0,0,0,0,0,0,0,0,0,0,0,1,0,30.0,29.53,28.54,27.99,30.49,28.44,27.62,27.97,30.24,29.32
2026-05-04 09:01:21.000,76.486,68.69,-20.387,discharging,3.829,3.8102,3.8204,3.8189,3.834,3.8274,3.8382,3.8123,3.8212,3.8113,3.8175,3.8272,3.8117,3.8124,3.8262,3.8242,3.8131,3.8243,3.8353,3.8095,0,0,0,0,1,0,1,0,0,0,0,0,0,0,0,0,0,0,1,0,30.14,29.76,28.66,28.22,30.37,28.69,28.0,27.87,30.13,29.48
2026-05-04 09:01:22.000,76.468,68.49,-20.297,discharging,3.8263,3.807,3.816,3.8156,3.8301,3.8246,3.8349,3.8109,3.8217,3.8051,3.811,3.8217,3.8074,3.8135,3.8252,3.8246,3.8149,3.8223,3.8324,3.8083,0,0,0,0,1,0,1,0,0,0,0,0,0,0,0,0,0,0,1,0,29.98,29.97,28.73,28.28,30.66,28.58,27.83,28.1,30.15,29.66
2026-05-04 09:01:23.000,76.343,68.29,-19.729,discharging,3.8255,3.8039,3.8102,3.8125,3.827,3.8222,3.831,3.8062,3.8172,3.8058,3.8103,3.8182,3.8029,3.8109,3.8253,3.8192,3.8111,3.8194,3.831,3.8031,0,0,0,0,1,0,1,0,0,0,0,0,0,0,0,0,0,0,1,0,30.05,29.68,28.52,28.28,30.65,28.67,28.08,28.03,30.15,29.38
2026-05-04 09:01:24.000,76.364,68.09,-20.084,discharging,3.8199,3.8003,3.8096,3.8088,3.8266,3.8205,3.8307,3.8076,3.8175,3.8004,3.8085,3.816,3.8049,3.807,3.8219,3.8154,3.8069,3.8202,3.8252,3.803,0,0,0,0,1,0,1,0,0,0,0,0,0,0,0,0,0,0,1,0,30.15,29.88,28.77,28.33,30.5,28.92,28.13,27.94,30.09,29.52
2026-05-04 09:01:25.000,76.278,67.89,-20.267,discharging,3.8209,3.8027,3.8107,3.8034,3.8227,3.8221,3.8278,3.7999,3.8126,3.799,3.8062,3.8122,3.8035,3.8069,3.8167,3.8185,3.8087,3.8175,3.8252,3.7991,0,0,0,0,1,1,1,0,0,0,0,0,0,0,0,0,0,0,1,0,30.44,29.75,28.69,28.15,30.83,28.67,28.14,28.09,30.55,29.53
2026-05-04 09:01:26.000,76.225,67.68,-20.239,discharging,3.8182,3.7992,3.8069,3.8028,3.8179,3.8149,3.8222,3.8014,3.8104,3.796,3.8017,3.8122,3.7974,3.8034,3.8194,3.8117,3.8026,3.8135,3.8192,3.7953,0,0,0,0,0,0,1,0,0,0,0,0,0,0,1,0,0,0,1,0,30.36,30.09,28.97,28.15,30.87,28.81,27.98,28.06,30.35,29.68
2026-05-04 09:01:27.000,76.171,67.48,-19.823,discharging,3.8169,3.7927,3.8025,3.8012,3.8183,3.8136,3.8213,3.7992,3.8053,3.7927,3.8033,3.8129,3.7933,3.8027,3.8135,3.8118,3.8022,3.813,3.8176,3.7968,1,0,0,0,1,0,1,0,0,0,0,0,0,0,0,0,0,0,1,0,30.06,29.75,29.01,28.28,30.55,29.0,28.24,28.06,30.19,29.63
2026-05-04 09:01:28.000,76.155,67.28,-20.332,discharging,3.8135,3.7925,3.7978,3.8002,3.8125,3.8109,3.8173,3.7936,3.8074,3.7905,3.7997,3.806,3.7919,3.7978,3.8122,3.806,3.7976,3.8079,3.8149,3.7949,1,0,0,0,0,0,1,0,0,0,0,0,0,0,0,0,0,0,1,0,30.41,30.12,29.12,28.56,31.04,29.1,28.2,28.28,30.51,29.95
2026-05-04 09:01:29.000,76.088,67.08,-19.998,discharging,3.8072,3.7897,3.7966,3.799,3.8137,3.8076,3.8197,3.7927,3.8043,3.7939,3.7994,3.8028,3.7917,3.7946,3.8114,3.8088,3.7939,3.8106,3.8126,3.7922,0,0,0,0,1,0,1,0,0,0,0,0,0,0,0,0,0,0,1,0,30.49,29.99,29.11,28.56,30.7,29.0,28.36,28.32,30.66,29.58
2026-05-04 09:01:30.000,76.096,66.88,-19.799,discharging,3.8071,3.7887,3.794,3.7972,3.8119,3.8078,3.8132,3.7901,3.7978,3.7869,3.7925,3.8029,3.7854,3.7961,3.8053,3.8016,3.7955,3.8078,3.8139,3.7867,0,0,0,0,1,0,1,0,0,0,0,0,0,0,0,0,0,0,1,0,30.19,30.08,29.15,28.54,30.97,29.11,28.42,28.2,30.68,29.73
2026-05-04 09:01:31.000,75.983,66.68,-20.399,discharging,3.8022,3.7839,3.7962,3.7936,3.81,3.8064,3.81,3.7906,3.799,3.7886,3.7935,3.7987,3.7865,3.7892,3.8035,3.8026,3.7895,3.8042,3.8122,3.7881,0,0,0,0,1,0,1,0,0,0,0,0,0,0,0,0,0,0,1,0,30.5,30.41,29.33,28.41,31.04,29.3,28.59,28.3,30.69,30.11
2026-05-04 09:01:32.000,75.98,66.48,-20.359,discharging,3.8004,3.7865,3.7891,3.7918,3.8024,3.8043,3.8104,3.7877,3.7951,3.7823,3.7879,3.7954,3.7821,3.7864,3.7993,3.7984,3.7908,3.8033,3.8094,3.7829,0,0,0,0,0,1,1,0,0,0,0,0,0,0,0,0,0,0,1,0,30.53,30.27,29.02,28.62,31.18,29.23,28.52,28.32,30.53,30.11
2026-05-04 09:01:33.000,75.889,66.28,-20.205,discharging,3.8023,3.7786,3.7867,3.7863,3.8039,3.8009,3.8095,3.7805,3.7936,3.7819,3.7869,3.7927,3.7838,3.7843,3.8022,3.7946,3.7846,3.7963,3.8028,3.7817,1,0,0,0,1,0,1,0,0,0,0,0,0,0,1,0,0,0,1,0,30.68,30.36,29.1,28.56,30.94,29.01,28.48,28.6,30.58,29.93
2026-05-04 09:01:34.000,75.836,66.07,-20.072,discharging,3.798,3.7792,3.7843,3.7817,3.798,3.7969,3.8021,3.7825,3.7894,3.7781,3.7844,3.794,3.7762,3.7841,3.7954,3.7965,3.7837,3.7952,3.8007,3.7778,0,0,0,0,0,0,1,0,0,0,0,0,0,0,0,0,0,0,1,0,30.5,30.19,29.04,28.76,31.13,29.04,28.41,28.5,30.92,30.04
2026-05-04 09:01:35.000,75.843,65.87,-19.946,discharging,3.7966,3.7758,3.784,3.7843,3.7974,3.798,3.8021,3.7755,3.7906,3.7776,3.7821,3.793,3.778,3.7825,3.7957,3.7895,3.7836,3.7912,3.8026,3.7785,0,0,0,0,0,1,1,0,0,0,0,0,0,0,0,0,0,0,1,0,30.75,30.15,29.2,28.88,31.06,29.42,28.54,28.63,30.65,30.19
2026-05-04 09:01:36.000,75.718,65.67,-19.586,discharging,3.7916,3.7732,3.7803,3.7784,3.7949,3.7956,3.8016,3.7764,3.7859,3.7735,3.7791,3.7861,3.7744,3.7806,3.7952,3.7919,3.78,3.7883,3.7961,3.7735,0,0,0,0,1,1,1,0,0,0,0,0,0,0,1,0,0,0,1,0,30.54,30.23,29.15,28.64,31.09,29.0,28.37,28.33,30.76,30.07
2026-05-04 09:01:37.000,75.752,65.47,-20.461,discharging,3.7888,3.7699,3.7804,3.7799,3.7951,3.7881,3.7993,3.7721,3.782,3.7715,3.7784,3.7834,3.7737,3.7744,3.793,3.7866,3.7792,3.787,3.7944,3.7717,0,0,0,0,1,0,1,0,0,0,0,0,0,0,1,0,0,0,1,0,30.71,30.39,29.56,28.98,31.38,29.57,28.82,28.71,30.81,30.14
2026-05-04 09:01:38.000,75.628,65.27,-19.993,discharging,3.7895,3.7713,3.7737,3.7731,3.7923,3.7906,3.7935,3.7706,3.7834,3.7704,3.7735,3.7854,3.7691,3.7751,3.7855,3.7817,3.7741,3.7865,3.7906,3.7707,0,0,0,0,1,1,1,0,0,0,0,0,0,0,0,0,0,0,1,0,30.81,30.38,29.24,28.98,31.32,29.44,28.55,28.6,30.76,30.19
2026-05-04 09:01:39.000,75.653,65.07,-19.535,discharging,3.7859,3.7677,3.7728,3.772,3.7851,3.7878,3.7942,3.7655,3.781,3.7676,3.773,3.7781,3.7652,3.7737,3.7842,3.7849,3.7733,3.7831,3.7894,3.7651,0,0,0,0,0,1,1,0,0,0,0,0,0,0,0,0,0,0,1,0,30.62,30.37,29.39,28.9,31.13,29.15,28.58,28.65,30.98,30.06
2026-05-04 09:01:40.000,75.58,64.87,-19.853,discharging,3.7814,3.7619,3.7691,3.7731,3.7864,3.7859,3.7888,3.7673,3.7785,3.7631,3.7679,3.7802,3.7666,3.7713,3.7848,3.7803,3.771,3.7822,3.7891,3.7646,0,0,0,0,1,1,1,0,0,0,0,0,0,0,0,0,0,0,1,0,31.03,30.41,29.4,28.84,31.1,29.5,28.72,28.58,31.04,30.11
2026-05-04 09:01:41.000,75.547,64.66,-19.965,discharging,3.7826,3.7628,3.7693,3.7697,3.7851,3.7835,3.7858,3.7611,3.7714,3.7604,3.7694,3.7777,3.7598,3.768,3.7794,3.7748,3.7667,3.7801,3.7841,3.7628,0,0,0,0,1,1,1,0,0,0,0,0,0,0,0,0,0,0,1,0,30.83,30.48,29.42,29.09,31.34,29.64,28.79,28.95,30.85,30.45
2026-05-04 09:01:42.000,75.507,64.46,-20.0,discharging,3.777,3.7581,3.7641,3.7673,3.7784,3.777,3.7848,3.7615,3.7737,3.7592,3.764,3.775,3.761,3.7644,3.7788,3.7729,3.7659,3.7732,3.7815,3.7603,0,0,0,0,0,0,1,0,0,0,0,0,0,0,0,0,0,0,1,0,30.82,30.73,29.55,29.11,31.24,29.59,28.87,28.78,31.26,30.3
2026-05-04 09:01:43.000,75.392,64.26,-20.462,discharging,3.7746,3.754,3.7634,3.7648,3.7764,3.7775,3.7837,3.7572,3.77,3.7561,3.7605,3.7706,3.7575,3.7601,3.7776,3.7712,3.7615,3.7752,3.781,3.7553,0,0,0,0,0,1,1,0,0,0,0,0,0,0,1,0,0,0,1,0,31.26,30.97,29.64,29.31,31.5,29.57,29.14,29.14,31.18,30.38
2026-05-04 09:01:44.000,75.338,64.06,-19.773,discharging,3.7743,3.7551,3.76,3.7596,3.7767,3.7712,3.7828,3.7549,3.7666,3.7519,3.7633,3.7699,3.7554,3.7568,3.7744,3.7695,3.7596,3.7717,3.7779,3.7518,0,0,0,0,1,0,1,0,0,0,0,0,0,0,0,0,0,0,1,0,31.07,30.71,29.51,29.1,31.5,29.49,28.89,28.71,31.24,30.22
2026-05-04 09:01:45.000,75.288,63.86,-19.781,discharging,3.7682,3.7498,3.7578,3.7562,3.772,3.7718,3.7763,3.7551,3.7628,3.7495,3.7579,3.7648,3.7547,3.7563,3.7678,3.7686,3.7604,3.771,3.7766,3.7494,0,0,0,0,0,0,1,0,0,0,0,0,0,0,0,0,0,0,1,0,30.87,30.71,29.73,28.93,31.39,29.52,29.09,28.82,31.14,30.27
2026-05-04 09:01:46.000,75.232,63.66,-20.325,discharging,3.7669,3.7515,3.7561,3.7571,3.7686,3.7708,3.773,3.7536,3.7626,3.7478,3.7547,3.7637,3.7505,3.7572,3.766,3.7671,3.7536,3.766,3.776,3.7478,0,0,0,0,0,1,1,0,0,0,0,0,0,0,0,0,0,0,1,0,31.16,31.02,29.93,29.32,31.78,29.64,29.15,28.9,31.5,30.46
2026-05-04 09:01:47.000,75.239,63.46,-20.084,discharging,3.7675,3.7484,3.7529,3.7525,3.7678,3.764,3.7744,3.7512,3.7621,3.7452,3.7556,3.7594,3.7468,3.7498,3.7646,3.7617,3.7543,3.7653,3.7724,3.7472,0,0,0,0,0,0,1,0,0,0,0,0,0,0,0,0,0,0,1,0,31.22,31.06,29.86,29.18,31.65,29.87,28.89,29.13,31.21,30.52
2026-05-04 09:01:48.000,75.171,63.26,-19.824,discharging,3.7654,3.7453,3.7553,3.7481,3.7671,3.7624,3.773,3.7488,3.759,3.7425,3.7507,3.7578,3.7477,3.7474,3.762,3.7613,3.7501,3.7602,3.7682,3.7461,0,0,0,0,1,0,1,0,0,0,0,0,0,0,0,0,0,0,1,0,31.16,30.99,29.76,29.08,31.63,29.83,28.88,29.01,31.32,30.37
2026-05-04 09:01:49.000,75.142,63.05,-20.409,discharging,3.7615,3.7412,3.75,3.7465,3.7647,3.7646,3.7676,3.7415,3.7526,3.7422,3.7486,3.7575,3.7422,3.7485,3.7624,3.7556,3.7498,3.7576,3.7649,3.7438,0,0,0,0,1,1,1,0,0,0,0,0,0,0,0,0,0,0,1,0,31.55,30.95,29.97,29.49,31.63,29.82,29.08,29.32,31.57,30.6
2026-05-04 09:01:50.000,75.053,62.85,-19.889,discharging,3.761,3.7394,3.7472,3.7476,3.7626,3.7571,3.7655,3.7444,3.7539,3.7406,3.7474,3.7541,3.741,3.7479,3.7565,3.7555,3.746,3.7542,3.7661,3.7414,0,0,0,0,1,0,1,0,0,0,0,0,0,0,0,0,0,0,1,0,31.27,30.96,30.05,29.2,31.76,29.96,28.99,29.11,31.44,30.82
2026-05-04 09:01:51.000,75.024,62.65,-19.996,discharging,3.7589,3.7401,3.7467,3.7421,3.7617,3.7599,3.7633,3.7372,3.749,3.7389,3.7449,3.7508,3.7388,3.745,3.7576,3.7557,3.7442,3.7527,3.7618,3.7357,0,0,0,0,1,1,1,0,0,0,0,0,0,0,0,0,0,0,1,0,31.29,31.09,30.14,29.46,31.99,29.94,29.29,29.15,31.32,30.68
2026-05-04 09:01:52.000,74.995,62.45,-20.02,discharging,3.7546,3.7347,3.7442,3.7431,3.7552,3.7568,3.763,3.7371,3.7443,3.7332,3.742,3.7478,3.7367,3.7384,3.7526,3.7492,3.743,3.7532,3.7575,3.7361,0,0,0,0,0,1,1,0,0,0,0,0,0,0,0,0,0,0,1,0,31.22,31.2,29.84,29.6,31.95,30.14,29.36,29.3,31.42,30.91
2026-05-04 09:01:53.000,74.919,62.25,-19.701,discharging,3.7522,3.7354,3.7396,3.7414,3.757,3.7512,3.7591,3.7317,3.7432,3.7336,3.7403,3.7494,3.7348,3.7405,3.7527,3.7492,3.7401,3.75,3.7569,3.7339,0,0,0,0,1,0,1,0,0,0,0,0,0,0,0,0,0,0,1,0,31.55,30.95,29.84,29.49,31.69,29.83,29.23,29.19,31.46,30.78
2026-05-04 09:01:54.000,74.9,62.05,-20.37,discharging,3.7473,3.7294,3.7392,3.7342,3.7496,3.7488,3.7537,3.7348,3.743,3.7315,3.7361,3.7452,3.7295,3.7373,3.748,3.7442,3.7343,3.7447,3.7539,3.7293,0,0,0,0,0,0,1,0,0,0,0,0,0,0,0,0,0,0,1,0,31.6,31.09,30.07,29.52,31.96,30.11,29.33,29.55,31.71,31.17
2026-05-04 09:01:55.000,74.892,61.85,-19.676,discharging,3.7435,3.729,3.7352,3.7363,3.75,3.7482,3.7568,3.7309,3.7388,3.7306,3.7365,3.7417,3.7282,3.7319,3.7492,3.7454,3.733,3.7467,3.7512,3.7247,0,0,0,0,1,0,1,0,0,0,0,0,0,0,0,0,0,0,1,0,31.61,31.0,30.05,29.68,31.77,30.22,29.32,29.12,31.39,30.91
2026-05-04 09:01:56.000,74.83,61.64,-19.726,discharging,3.7434,3.7231,3.7332,3.7326,3.7496,3.7466,3.7524,3.7299,3.7389,3.7235,3.731,3.7389,3.723,3.728,3.7459,3.7413,3.7317,3.7407,3.7475,3.7242,0,0,0,0,1,1,1,0,0,0,0,0,0,0,0,0,0,0,1,0,31.56,31.15,29.91,29.62,31.97,30.15,29.41,29.48,31.66,30.98
2026-05-04 09:01:57.000,74.788,61.44,-20.427,discharging,3.7391,3.7248,3.7294,3.7265,3.746,3.7422,3.7485,3.7258,3.7348,3.7234,3.7267,3.7368,3.7249,3.7286,3.7445,3.7364,3.7299,3.7425,3.7484,3.7239,0,0,0,0,1,0,1,0,0,0,0,0,0,0,1,0,0,0,1,0,31.68,31.58,30.35,29.8,32.03,30.12,29.63,29.62,32.03,31.04
2026-05-04 09:01:58.000,74.738,61.24,-19.752,discharging,3.7381,3.7202,3.7291,3.7267,3.7399,3.7385,3.7487,3.7206,3.7307,3.7226,3.7286,3.7372,3.7233,3.7288,3.7391,3.7365,3.7252,3.735,3.7418,3.7214,0,0,0,0,0,0,1,0,0,0,0,0,0,0,0,0,0,0,1,0,31.59,31.2,30.05,29.71,31.89,30.24,29.62,29.4,31.7,31.04
2026-05-04 09:01:59.000,74.658,61.04,-20.194,discharging,3.7371,3.7175,3.7247,3.7237,3.7366,3.7363,3.7426,3.7215,3.7298,3.7204,3.7219,3.7341,3.7205,3.7233,3.7361,3.7326,3.7244,3.7332,3.7424,3.7197,0,0,0,0,0,0,1,0,0,0,0,0,0,0,0,0,0,0,1,0,31.9,31.29,30.38,29.72,32.36,30.18,29.45,29.44,31.88,30.96
2026-05-04 09:02:00.000,74.592,60.84,-19.918,discharging,3.7348,3.7183,3.7237,3.722,3.7402,3.7352,3.7435,3.7169,3.7261,3.7176,3.7231,3.729,3.7157,3.7211,3.734,3.7314,3.7227,3.7349,3.7412,3.716,0,0,0,0,1,0,1,0,0,0,0,0,0,0,0,0,0,0,1,0,31.6,31.41,30.31,29.65,32.36,30.39,29.78,29.7,31.84,31.07
2026-05-04 09:02:01.000,74.552,60.64,-20.281,discharging,3.7293,3.7127,3.7182,3.7176,3.7372,3.7321,3.7393,3.715,3.7227,3.7165,3.7182,3.7291,3.7136,3.7207,3.7342,3.7276,3.7195,3.7284,3.7379,3.7121,0,0,0,0,1,0,1,0,0,0,0,0,0,0,1,0,0,0,1,0,31.93,31.68,30.48,29.87,32.49,30.47,29.67,29.89,31.99,31.26
2026-05-04 09:02:02.000,74.506,60.44,-19.896,discharging,3.7273,3.7091,3.716,3.7178,3.7306,3.7287,3.7363,3.7142,3.7207,3.7096,3.7187,3.7268,3.711,3.7162,3.728,3.7245,3.7189,3.7251,3.7318,3.7109,0,0,0,0,0,0,1,0,0,0,0,0,0,0,0,0,0,0,1,0,31.68,31.54,30.23,29.89,32.09,30.31,29.55,29.87,31.97,31.23
2026-05-04 09:02:03.000,74.477,60.23,-20.481,discharging,3.7279,3.7073,3.7136,3.7142,3.7328,3.7303,3.7326,3.7123,3.7211,3.7104,3.7163,3.7211,3.7095,3.7123,3.7286,3.7231,3.7141,3.726,3.7304,3.7073,0,0,0,0,1,1,1,0,0,0,0,0,0,0,0,0,0,0,1,0,31.86,31.57,30.76,30.07,32.44,30.47,29.72,29.88,32.18,31.22
2026-05-04 09:02:04.000,74.408,60.03,-19.716,discharging,3.7223,3.7061,3.7114,3.7127,3.7294,3.728,3.7338,3.7089,3.7182,3.7055,3.7092,3.7207,3.7045,3.7132,3.7266,3.7209,3.7125,3.7245,3.7312,3.7067,0,0,0,0,1,1,1,0,0,0,0,0,0,0,0,0,0,0,1,0,31.69,31.38,30.44,29.8,32.45,30.36,29.86,29.69,31.85,31.33
2026-05-04 09:02:05.000,74.367,59.83,-19.711,discharging,3.7199,3.7008,3.7122,3.7108,3.724,3.7224,3.7277,3.7065,3.7142,3.706,3.7091,3.7174,3.7024,3.71,3.724,3.7187,3.7113,3.7206,3.7265,3.7035,0,0,0,0,0,0,1,0,0,0,0,0,0,0,0,0,0,0,1,0,31.8,31.49,30.43,30.03,32.44,30.63,29.82,29.86,31.99,31.36
2026-05-04 09:02:06.000,74.283,59.63,-20.338,discharging,3.7192,3.7004,3.7092,3.7084,3.7239,3.7188,3.7301,3.7002,3.7108,3.6993,3.7097,3.7154,3.6987,3.7049,3.7175,3.7141,3.7065,3.7212,3.7255,3.7009,0,0,0,0,1,0,1,0,0,0,0,0,0,0,0,0,0,0,1,0,32.2,31.82,30.89,30.29,32.62,30.68,29.86,30.05,32.36,31.42
2026-05-04 09:02:07.000,74.273,59.43,-20.466,discharging,3.7175,3.6974,3.7045,3.7021,3.7187,3.7155,3.7229,3.7037,3.7125,3.6982,3.7041,3.7139,3.6991,3.7056,3.7151,3.712,3.7035,3.7178,3.725,3.6974,0,0,0,0,0,0,1,0,0,0,0,0,0,0,0,0,0,0,1,0,32.38,31.78,30.84,30.12,32.82,30.82,29.96,30.03,32.16,31.42
2026-05-04 09:02:08.000,74.26,59.23,-20.206,discharging,3.7168,3.6993,3.7063,3.7043,3.7183,3.7172,3.7254,3.6987,3.7101,3.6982,3.7051,3.7107,3.6963,3.7023,3.7124,3.7098,3.6998,3.7143,3.723,3.697,0,0,0,0,1,0,1,0,0,0,0,0,0,0,0,0,0,0,1,0,32.06,31.76,30.95,30.22,32.42,30.89,29.93,29.87,32.36,31.69
2026-05-04 09:02:09.000,74.21,59.03,-20.424,discharging,3.7124,3.6933,3.704,3.6987,3.7181,3.7148,3.7226,3.696,3.7043,3.6957,3.7022,3.7068,3.6924,3.6979,3.7136,3.7076,3.6976,3.7136,3.7187,3.6945,0,0,0,0,1,0,1,0,0,0,0,0,0,0,0,0,0,0,1,0,32.32,32.05,30.89,30.14,32.72,30.91,30.13,30.34,32.55,31.81
2026-05-04 09:02:10.000,74.168,58.83,-20.009,discharging,3.7127,3.6904,3.6976,3.6981,3.7104,3.7131,3.7176,3.6938,3.7037,3.6912,3.6987,3.7042,3.6946,3.6981,3.7102,3.7084,3.6946,3.7069,3.7157,3.6901,1,0,0,0,0,1,1,0,0,0,0,0,0,0,0,0,0,0,1,0,32.25,31.77,30.82,30.15,32.64,30.84,30.01,30.07,32.2,31.67
2026-05-04 09:02:11.000,74.104,58.62,-20.128,discharging,3.7063,3.6873,3.6945,3.6956,3.7089,3.7063,3.7139,3.6895,3.7007,3.6886,3.6929,3.7064,3.6871,3.6963,3.706,3.7047,3.698,3.7082,3.7128,3.69,0,0,0,0,0,0,1,0,0,0,0,0,0,0,0,0,0,0,1,0,32.39,31.87,30.9,30.36,32.69,30.95,29.96,30.27,32.39,31.72
2026-05-04 09:02:12.000,74.004,58.42,-20.05,discharging,3.7044,3.6872,3.6969,3.6913,3.7053,3.7041,3.715,3.6914,3.6969,3.6874,3.6935,3.6993,3.6885,3.6912,3.7066,3.7023,3.6941,3.7061,3.7096,3.685,0,0,0,0,0,0,1,0,0,0,0,0,0,0,0,0,0,0,1,0,32.35,31.83,30.77,30.47,32.69,30.94,30.19,30.31,32.25,31.56
2026-05-04 09:02:13.000,73.954,58.22,-20.272,discharging,3.7016,3.683,3.6928,3.689,3.7054,3.7061,3.7096,3.6868,3.6991,3.684,3.6883,3.696,3.6858,3.6906,3.7058,3.7011,3.6877,3.6993,3.7056,3.6812,0,0,0,0,1,1,1,0,0,0,0,0,0,0,1,0,0,0,1,0,32.56,32.1,30.82,30.42,32.97,30.83,30.18,30.14,32.59,31.96
2026-05-04 09:02:14.000,73.9,58.02,-20.191,discharging,3.6991,3.6828,3.6873,3.69,3.7005,3.7025,3.7102,3.6828,3.6938,3.685,3.6881,3.6951,3.6817,3.6901,3.7019,3.6956,3.6884,3.6997,3.7064,3.6818,0,0,0,0,0,0,1,0,0,0,0,0,0,0,0,0,0,0,1,0,32.44,32.16,30.96,30.42,32.9,31.14,30.27,30.25,32.46,31.74
2026-05-04 09:02:15.000,73.908,57.82,-20.5,discharging,3.7001,3.6787,3.687,3.6826,3.7035,3.7018,3.7055,3.6785,3.6911,3.6785,3.6838,3.6911,3.6789,3.6843,3.6987,3.6945,3.6834,3.698,3.7025,3.6783,1,0,0,0,1,1,1,0,0,0,0,0,0,0,0,0,0,0,1,0,32.48,32.21,31.07,30.73,33.18,31.28,30.5,30.35,32.79,32.08
2026-05-04 09:02:16.000,73.864,57.62,-20.087,discharging,3.6937,3.676,3.6856,3.6838,3.6972,3.6975,3.7014,3.6762,3.6864,3.6775,3.6812,3.6893,3.6759,3.6837,3.6973,3.6911,3.6809,3.6941,3.6998,3.6755,0,0,0,0,0,1,1,0,0,0,0,0,0,0,1,0,0,0,1,0,32.61,32.36,31.08,30.66,32.87,31.22,30.53,30.18,32.72,31.71
2026-05-04 09:02:17.000,73.75,57.42,-20.03,discharging,3.6953,3.6767,3.6843,3.6785,3.6977,3.6928,3.7025,3.6763,3.6882,3.6721,3.6804,3.6909,3.675,3.6829,3.6934,3.6914,3.6795,3.6907,3.6991,3.6715,0,0,0,0,1,0,1,0,0,0,0,0,0,0,0,0,0,0,1,0,32.69,32.2,31.02,30.62,32.85,31.26,30.52,30.28,32.48,31.96
2026-05-04 09:02:18.000,73.697,57.21,-20.175,discharging,3.6894,3.67,3.6816,3.6753,3.6909,3.6935,3.6982,3.6747,3.6834,3.67,3.6761,3.6843,3.673,3.6801,3.694,3.6886,3.6755,3.6901,3.697,3.6735,0,0,0,0,0,1,1,0,0,0,0,0,0,0,1,0,0,0,1,0,32.46,32.17,31.4,30.77,33.16,31.32,30.44,30.35,32.8,31.94
2026-05-04 09:02:19.000,73.722,57.01,-20.365,discharging,3.6882,3.6695,3.6762,3.677,3.6894,3.6875,3.695,3.6731,3.6805,3.672,3.6782,3.6846,3.6673,3.6731,3.6874,3.684,3.6749,3.6838,3.6942,3.6686,0,0,0,0,0,0,1,0,0,0,0,0,0,0,0,0,0,0,1,0,32.58,32.19,31.45,30.87,33.06,31.39,30.63,30.6,32.79,32.11
2026-05-04 09:02:20.000,73.64,56.81,-20.002,discharging,3.6866,3.6665,3.6759,3.6711,3.689,3.6844,3.6955,3.6671,3.6817,3.6658,3.6732,3.6795,3.6679,3.6747,3.6872,3.6832,3.6745,3.683,3.6902,3.6676,0,0,0,0,1,0,1,0,0,0,0,0,0,0,0,0,0,0,1,0,32.47,32.49,31.13,30.69,33.25,31.06,30.62,30.34,32.79,32.21
2026-05-04 09:02:21.000,73.573,56.61,-20.084,discharging,3.6848,3.6671,3.6712,3.6683,3.6838,3.6834,3.6938,3.6697,3.6746,3.6666,3.6711,3.6777,3.6653,3.6688,3.6846,3.6787,3.6724,3.6815,3.6863,3.6654,0,0,0,0,0,0,1,0,0,0,0,0,0,0,0,0,0,0,1,0,32.66,32.37,31.38,30.92,33.03,31.18,30.53,30.52,32.7,32.3
2026-05-04 09:02:22.000,73.524,56.41,-20.057,discharging,3.68,3.6657,3.6692,3.6679,3.6856,3.6818,3.6901,3.6652,3.675,3.6611,3.6701,3.6797,3.6612,3.6707,3.6811,3.6776,3.6699,3.6825,3.6868,3.6622,0,0,0,0,1,0,1,0,0,0,0,0,0,0,0,0,0,0,1,0,32.95,32.34,31.27,30.69,33.34,31.15,30.74,30.69,32.78,32.16
2026-05-04 09:02:23.000,73.533,56.21,-19.944,discharging,3.6766,3.6575,3.667,3.6641,3.6808,3.6803,3.6847,3.664,3.6698,3.6598,3.6686,3.6761,3.6617,3.6673,3.6771,3.6778,3.6673,3.6777,3.6863,3.6603,0,0,0,0,0,0,1,0,0,0,0,0,0,0,0,0,0,0,1,0,32.68,32.52,31.39,30.64,33.03,31.46,30.56,30.75,32.84,32.29
2026-05-04 09:02:24.000,73.415,56.01,-19.63,discharging,3.6772,3.6585,3.6625,3.6655,3.6785,3.6762,3.6812,3.66,3.6677,3.658,3.662,3.6696,3.6593,3.6625,3.6763,3.674,3.6637,3.6732,3.6802,3.6567,0,0,0,0,1,0,1,0,0,0,0,0,0,0,0,0,0,0,1,0,32.55,32.2,31.33,30.57,33.11,31.13,30.56,30.68,32.67,31.95
2026-05-04 09:02:25.000,73.393,55.81,-19.941,discharging,3.6748,3.6537,3.6637,3.6628,3.6753,3.6724,3.6832,3.6563,3.67,3.6532,3.6624,3.6695,3.6546,3.6596,3.6748,3.6682,3.6601,3.6753,3.6797,3.6579,0,0,0,0,0,0,1,0,0,0,0,0,0,0,0,0,0,0,1,0,32.82,32.37,31.26,31.02,33.18,31.38,30.81,30.86,32.81,32.06
2026-05-04 09:02:26.000,73.387,55.6,-19.551,discharging,3.6736,3.6549,3.6576,3.6601,3.672,3.6722,3.6761,3.6531,3.6651,3.6513,3.6589,3.666,3.6529,3.6596,3.6695,3.6697,3.6559,3.6704,3.6775,3.6497,1,0,0,0,0,0,1,0,0,0,0,0,0,0,0,0,0,0,1,0,32.63,32.35,31.48,30.86,33.03,31.42,30.43,30.59,32.79,32.29
2026-05-04 09:02:27.000,73.332,55.4,-19.84,discharging,3.6661,3.6528,3.659,3.6549,3.6712,3.673,3.6742,3.6513,3.6647,3.6509,3.6545,3.665,3.6503,3.6584,3.6664,3.6646,3.6566,3.6665,3.6735,3.6479,0,0,0,0,1,1,1,0,0,0,0,0,0,0,0,0,0,0,1,0,32.84,32.51,31.55,30.85,33.54,31.49,30.89,30.82,33.17,32.45
2026-05-04 09:02:28.000,73.201,55.2,-19.685,discharging,3.6669,3.6469,3.6536,3.6565,3.6704,3.6652,3.6735,3.6528,3.6608,3.6491,3.6524,3.661,3.6461,3.6562,3.6694,3.6627,3.6543,3.6633,3.6695,3.6478,0,0,0,0,1,0,1,0,0,0,0,0,0,0,1,0,0,0,1,0,33.01,32.71,31.42,31.03,33.35,31.34,30.95,30.95,32.87,32.46
2026-05-04 09:02:29.000,73.182,55.0,-19.583,discharging,3.6645,3.6485,3.651,3.6506,3.6694,3.6667,3.6734,3.6499,3.6572,3.6454,3.6513,3.6628,3.6482,3.6536,3.6631,3.663,3.6492,3.6608,3.6709,3.6459,0,0,0,0,1,0,1,0,0,0,0,0,0,0,0,0,0,0,1,0,32.81,32.6,31.4,30.85,33.43,31.44,30.84,30.76,33.03,32.34
2026-05-04 09:02:30.000,73.187,55.0,10.127,charging,3.6663,3.6457,3.6511,3.6499,3.6643,3.6669,3.6689,3.6462,3.6572,3.6474,3.6545,3.6617,3.6432,3.6536,3.6674,3.6635,3.6515,3.6616,3.669,3.6437,0,0,0,0,0,0,0,0,0,0,0,0,0,0,0,0,0,0,0,0,29.76,29.28,28.49,27.8,30.17,28.43,27.75,27.7,29.93,29.34
2026-05-04 09:02:31.000,73.284,55.34,10.172,charging,3.668,3.6518,3.6546,3.6588,3.6713,3.6688,3.6773,3.652,3.6619,3.6508,3.653,3.663,3.6493,3.6539,3.6705,3.6651,3.6552,3.6675,3.6707,3.6494,0,0,0,0,0,0,0,0,0,0,0,0,0,0,0,0,0,0,0,0,29.69,29.64,28.41,27.97,30.13,28.53,27.87,27.78,29.81,29.19
2026-05-04 09:02:32.000,73.333,55.69,9.971,charging,3.673,3.6554,3.6598,3.6597,3.6739,3.6747,3.6825,3.6577,3.6673,3.6519,3.6576,3.6682,3.6533,3.6594,3.6721,3.6713,3.6599,3.6737,3.6769,3.6528,0,0,0,0,0,0,0,0,0,0,0,0,0,0,0,0,0,0,0,0,29.9,29.62,28.41,27.9,30.1,28.53,27.52,27.74,29.88,29.1
2026-05-04 09:02:33.000,73.442,56.03,10.161,charging,3.6773,3.6559,3.6634,3.6623,3.6802,3.6762,3.6839,3.6621,3.6703,3.6553,3.6663,3.671,3.6587,3.6632,3.6763,3.6711,3.6646,3.6735,3.6819,3.6583,0,0,0,0,0,0,0,0,0,0,0,0,0,0,0,0,0,0,0,0,29.9,29.67,28.29,27.78,30.39,28.28,27.88,27.81,30.13,29.18
2026-05-04 09:02:34.000,73.486,56.38,10.252,charging,3.6803,3.6604,3.6709,3.6689,3.6848,3.6824,3.6901,3.6622,3.674,3.6629,3.6707,3.6743,3.6612,3.6668,3.6803,3.6753,3.6677,3.6796,3.6846,3.6596,0,0,0,0,0,0,0,0,0,0,0,0,0,0,0,0,0,0,0,0,30.01,29.51,28.54,27.99,30.46,28.56,27.63,27.89,30.1,29.51
2026-05-04 09:02:35.000,73.632,56.72,9.99,charging,3.6874,3.6694,3.6727,3.673,3.6866,3.6861,3.6954,3.6674,3.6761,3.6669,3.6724,3.6816,3.6664,3.6697,3.6858,3.6832,3.6751,3.6803,3.6871,3.6666,0,0,0,0,0,0,0,0,0,0,0,0,0,0,0,0,0,0,0,0,29.71,29.67,28.58,28.11,30.28,28.38,27.75,27.79,29.79,29.13
2026-05-04 09:02:36.000,73.726,57.07,9.869,charging,3.6879,3.6707,3.6771,3.6736,3.6931,3.6892,3.698,3.6731,3.6797,3.6688,3.6754,3.6841,3.6717,3.6783,3.6911,3.687,3.6763,3.6883,3.6965,3.6703,0,0,0,0,0,0,0,0,0,0,0,0,0,0,0,0,0,0,0,0,29.78,29.62,28.41,27.99,30.43,28.35,27.79,27.64,29.98,29.11
2026-05-04 09:02:37.000,73.808,57.41,10.111,charging,3.6954,3.6738,3.685,3.6793,3.6932,3.6971,3.7015,3.6786,3.687,3.6742,3.6811,3.6913,3.6762,3.6812,3.6923,3.6874,3.68,3.6916,3.6966,3.6738,0,0,0,0,0,0,0,0,0,0,0,0,0,0,0,0,0,0,0,0,30.13,29.5,28.47,27.84,30.51,28.65,27.97,27.8,29.88,29.33
2026-05-04 09:02:38.000,73.831,57.76,10.0,charging,3.6999,3.6803,3.6866,3.6865,3.6981,3.7007,3.7069,3.6833,3.6919,3.6768,3.6861,3.6931,3.6802,3.6843,3.6946,3.697,3.6858,3.6964,3.6999,3.6781,0,0,0,0,0,0,0,0,0,0,0,0,0,0,0,0,0,0,0,0,29.75,29.61,28.59,27.91,30.41,28.45,27.95,27.73,29.93,29.23
2026-05-04 09:02:39.000,73.938,58.1,9.891,charging,3.6991,3.6809,3.6891,3.686,3.705,3.7026,3.7072,3.6839,3.6938,3.6809,3.69,3.6961,3.6815,3.6856,3.7024,3.6975,3.6885,3.6977,3.7063,3.6835,0,0,0,0,0,0,0,0,0,0,0,0,0,0,0,0,0,0,0,0,29.76,29.41,28.49,27.84,30.4,28.54,27.91,27.86,30.08,29.23
2026-05-04 09:02:40.000,74.049,58.45,10.19,charging,3.7066,3.6874,3.6975,3.6946,3.7083,3.7045,3.7151,3.6915,3.6989,3.687,3.6941,3.7029,3.687,3.6908,3.7042,3.7049,3.6937,3.7066,3.7101,3.6878,0,0,0,0,0,0,0,0,0,0,0,0,0,0,0,0,0,0,0,0,30.11,29.83,28.8,28.07,30.31,28.62,27.84,27.9,30.03,29.54
2026-05-04 09:02:41.000,74.072,58.79,10.063,charging,3.7073,3.6932,3.7006,3.6961,3.7135,3.7125,3.7175,3.6925,3.7027,3.6921,3.6974,3.7085,3.6906,3.6955,3.7119,3.7073,3.6988,3.7078,3.7165,3.6909,0,0,0,0,0,0,0,0,0,0,0,0,0,0,0,0,0,0,0,0,29.91,29.76,28.45,28.24,30.5,28.6,27.92,27.88,30.16,29.54
2026-05-04 09:02:42.000,74.239,59.14,9.806,charging,3.7113,3.6931,3.7049,3.703,3.7161,3.7149,3.7224,3.6948,3.7093,3.6979,3.7037,3.7107,3.6925,3.6986,3.7121,3.7112,3.7006,3.7128,3.7172,3.696,0,0,0,0,0,0,0,0,0,0,0,0,0,0,0,0,0,0,0,0,29.88,29.65,28.72,27.92,30.58,28.51,28.0,27.76,29.91,29.14
2026-05-04 09:02:43.000,74.266,59.48,10.292,charging,3.7157,3.6983,3.7063,3.7058,3.7182,3.7203,3.7275,3.7005,3.7136,3.7019,3.7038,3.7152,3.6989,3.7037,3.7176,3.7143,3.7056,3.7174,3.7229,3.6971,0,0,0,0,0,0,0,0,0,0,0,0,0,0,0,0,0,0,0,0,30.1,29.99,28.88,28.06,30.8,28.81,27.86,27.85,30.07,29.63
2026-05-04 09:02:44.000,74.353,59.83,9.992,charging,3.7251,3.7013,3.7121,3.7092,3.7248,3.725,3.7304,3.7051,3.7137,3.7039,3.7099,3.7179,3.7029,3.7071,3.7231,3.7197,3.7116,3.7191,3.7273,3.7026,0,0,0,0,0,0,0,0,0,0,0,0,0,0,0,0,0,0,0,0,30.08,29.68,28.85,28.14,30.59,28.5,27.91,28.01,30.04,29.54
2026-05-04 09:02:45.000,74.489,60.17,10.29,charging,3.7279,3.7076,3.7128,3.7161,3.7267,3.7272,3.7353,3.7124,3.7172,3.7087,3.7154,3.7211,3.7052,3.7121,3.7282,3.7232,3.7137,3.7246,3.7327,3.7068,0,0,0,0,0,0,0,0,0,0,0,0,0,0,0,0,0,0,0,0,30.38,29.98,28.71,28.06,30.81,28.88,28.14,28.09,30.14,29.57
2026-05-04 09:02:46.000,74.48,60.52,9.801,charging,3.7334,3.7139,3.7203,3.7167,3.7308,3.7316,3.7401,3.7125,3.7217,3.7108,3.72,3.7235,3.7097,3.7153,3.7313,3.7254,3.7175,3.7308,3.7341,3.7126,0,0,0,0,0,0,0,0,0,0,0,0,0,0,0,0,0,0,0,0,30.03,29.83,28.78,28.02,30.32,28.48,28.07,27.77,30.15,29.62
2026-05-04 09:02:47.000,74.58,60.86,10.162,charging,3.7342,3.7169,3.7219,3.7234,3.7365,3.7365,3.7437,3.7156,3.726,3.7156,3.7207,3.732,3.7176,3.7215,3.7341,3.7329,3.7218,3.7309,3.7418,3.7126,0,0,0,0,0,0,0,0,0,0,0,0,0,0,0,0,0,0,0,0,30.36,29.84,28.86,28.43,30.71,28.6,28.22,28.12,30.49,29.55
2026-05-04 09:02:48.000,74.726,61.21,10.251,charging,3.7377,3.7189,3.7254,3.7271,3.741,3.7415,3.7478,3.7235,3.7328,3.7186,3.7251,3.7359,3.7184,3.7258,3.7401,3.7378,3.7232,3.7348,3.7414,3.7194,0,0,0,0,0,0,0,0,0,0,0,0,0,0,0,0,0,0,0,0,30.13,29.83,28.72,28.11,30.53,29.01,28.17,28.25,30.55,29.69
2026-05-04 09:02:49.000,74.734,61.55,10.125,charging,3.7449,3.7222,3.7328,3.7327,3.7461,3.7467,3.7528,3.7274,3.7348,3.7243,3.7328,3.7396,3.7269,3.7283,3.7427,3.7423,3.7318,3.7402,3.7459,3.7212,0,0,0,0,0,0,0,0,0,0,0,0,0,0,0,0,0,0,0,0,30.33,29.85,28.76,28.1,30.85,28.72,28.06,28.09,30.51,29.66
2026-05-04 09:02:50.000,74.855,61.9,9.807,charging,3.7449,3.7302,3.7344,3.7354,3.7524,3.7494,3.7522,3.7278,3.7409,3.7272,3.7341,3.7454,3.7265,3.7346,3.7499,3.7451,3.733,3.7467,3.7545,3.7284,0,0,0,0,0,0,0,0,0,0,0,0,0,0,0,0,0,0,0,0,30.13,29.97,28.72,28.15,30.71,28.83,28.1,28.01,30.05,29.7
2026-05-04 09:02:51.000,74.936,62.24,10.191,charging,3.7515,3.7353,3.7393,3.7397,3.7534,3.753,3.7614,3.732,3.7448,3.7355,3.736,3.7468,3.7343,3.7388,3.7494,3.7454,3.7378,3.7477,3.7574,3.7345,0,0,0,0,0,0,0,0,0,0,0,0,0,0,0,0,0,0,0,0,30.34,29.91,28.73,28.4,30.84,28.74,28.03,28.25,30.45,29.68
2026-05-04 09:02:52.000,75.026,62.59,9.738,charging,3.7541,3.7371,3.7464,3.7425,3.7612,3.7536,3.7602,3.7404,3.746,3.7347,3.7445,3.7523,3.7366,3.7431,3.7578,3.7503,3.7432,3.7563,3.7576,3.7341,0,0,0,0,0,0,0,0,0,0,0,0,0,0,0,0,0,0,0,0,30.2,29.8,28.91,28.01,30.67,28.58,27.87,27.83,30.18,29.65
2026-05-04 09:02:53.000,75.07,62.93,9.974,charging,3.7599,3.7429,3.7461,3.7468,3.7641,3.7588,3.7688,3.7423,3.7547,3.744,3.7478,3.7543,3.7438,3.7466,3.7575,3.7585,3.7485,3.7594,3.765,3.7394,0,0,0,0,0,0,0,0,0,0,0,0,0,0,0,0,0,0,0,0,30.1,29.78,28.82,28.38,30.73,28.82,28.28,27.94,30.21,29.78
2026-05-04 09:02:54.000,75.215,63.28,10.067,charging,3.7607,3.7451,3.7497,3.7491,3.764,3.7656,3.7735,3.7465,3.7589,3.7469,3.7521,3.7578,3.746,3.7505,3.7633,3.7633,3.7516,3.7593,3.7667,3.7446,0,0,0,0,0,0,0,0,0,0,0,0,0,0,0,0,0,0,0,0,30.49,30.03,29.03,28.3,30.56,28.8,28.02,28.19,30.27,29.65
2026-05-04 09:02:55.000,75.273,63.62,10.157,charging,3.766,3.7509,3.7577,3.7538,3.7687,3.7705,3.7764,3.7539,3.761,3.7474,3.7561,3.7609,3.7501,3.7532,3.7675,3.7637,3.7569,3.7677,3.77,3.7501,0,0,0,0,0,0,0,0,0,0,0,0,0,0,0,0,0,0,0,0,30.54,29.91,29.08,28.41,30.67,29.12,28.32,28.28,30.42,29.64
2026-05-04 09:02:56.000,75.335,63.97,10.106,charging,3.7735,3.7524,3.7585,3.7608,3.777,3.7722,3.7778,3.7551,3.7652,3.7559,3.7571,3.7704,3.7532,3.758,3.77,3.7703,3.76,3.7732,3.7752,3.7506,0,0,0,0,0,0,0,0,0,0,0,0,0,0,0,0,0,0,0,0,30.45,29.87,28.83,28.56,30.81,28.83,28.17,28.4,30.53,29.88
2026-05-04 09:02:57.000,75.446,64.31,10.083,charging,3.7739,3.7603,3.7672,3.7609,3.781,3.777,3.7865,3.7599,3.7714,3.7563,3.7647,3.7733,3.756,3.7617,3.7767,3.7754,3.7639,3.7723,3.7815,3.754,0,0,0,0,0,0,0,0,0,0,0,0,0,0,0,0,0,0,0,0,30.58,29.87,28.97,28.54,30.65,28.99,28.24,28.38,30.63,29.76
2026-05-04 09:02:58.000,75.524,64.66,9.844,charging,3.7772,3.7631,3.7719,3.7654,3.7818,3.7821,3.7853,3.7634,3.7724,3.763,3.7697,3.7776,3.7589,3.7666,3.7821,3.7795,3.767,3.7804,3.7844,3.7609,0,0,0,0,0,0,0,0,0,0,0,0,0,0,0,0,0,0,0,0,30.37,30.13,28.74,28.52,30.7,28.72,28.14,28.09,30.61,29.72
2026-05-04 09:02:59.000,75.629,65.0,10.177,charging,3.7817,3.7681,3.7747,3.769,3.7898,3.7863,3.7941,3.7653,3.7769,3.7666,3.7708,3.7783,3.7662,3.7684,3.7858,3.7795,3.7745,3.7811,3.787,3.7651,0,0,0,0,0,0,0,0,0,0,0,0,0,0,0,0,0,0,0,0,30.64,30.17,29.25,28.4,31.02,28.95,28.27,28.25,30.66,29.77
